	Reference	URL
0	29300	/lampara-mesita-de-noche-oriental-blanco-ceramica-dormitorio-fantasy.html
1	30655	/banqueta-pie-de-cama-romantico-blanco-metal-dormitorio-fantasy.html
2	38697	/belen-navidad-moderno-multicolor-resina-decoracion-navide-a-christmas-10411.html
3	48329	/mesita-auxiliar-industrial-blanco-metal-salon-factory.html
4	48624	/biombo-plegable-oriental-blanco-madera-salon-vitta.html
5	48841	/espejo-pared-nordico-blanco-pu-salon-fantasy.html
6	48905	/mesita-auxiliar-moderno-negro-madera-salon-factory-18396.html
7	49809	/farol-portavelas-metal-blanco-21033.html
8	49918	/perchero-suelo-metal-negro-21504.html
9	51136	/consola-3-cajones-y-4-puertas-oriental-negro-madera-salon-sol-naciente.html
10	51140	/mesilla-de-noche-1-cajon-y-2-puertas-oriental-negro-madera-salon-sol-naciente.html
11	51148	/consola-3-cajones-y-4-puertas-oriental-rojo-madera-salon-sol-naciente.html
12	51149	/consola-6-cajones-y-2-puertas-oriental-rojo-madera-salon-sol-naciente.html
13	61096	/perchero-12-brazos-clasico-marron-madera-entrada-breta-a-11273.html
14	61098	/perchero-12-brazos-clasico-blanco-madera-entrada-fantasy.html
15	61118	/armario-1-puerta-y-2-baldas-minimalista-blanco-madera-cuarto-de-ba-o-vitta.html
16	61397	/banco-auxiliar-minimalista-marron-madera-cuarto-de-ba-o-vitta.html
17	61514	/lampara-sobremesa-nordico-marron-madera-salon-fantasy.html
18	61731	/mesa-cocina-bar-moderno-madera-blanco-basic.html
19	61776	/lampara-mesita-de-noche-moderno-plateado-metal-dormitorio-fantasy.html
20	64530	/consola-3-cajones-y-4-puertas-oriental-blanco-madera-sol-naciente.html
21	64531	/consola-6-cajones-y-2-puertas-oriental-blanca-madera-salon-sol-naciente.html
22	64532	/mesilla-de-noche-1-cajon-y-2-puertas-oriental-blanco-madera-salon-sol-naciente.html
23	64534	/comoda-8-cajones-y-2-puertas-oriental-blanco-madera-salon-sol-naciente.html
24	82462	/silla-apilable-jardin-plastico-marron-garden.html
25	82466	/silla-apilable-jardin-hierro-negro-garden-11719.html
26	89022	/alfombra-salon-oriental-marron-bambu-comedor-factory.html
27	89040	/alfombra-pasillera-oriental-marron-bambu-pasillo-sol-naciente.html
28	89051	/alfombra-salon-oriental-marron-bambu-comedor-sol-naciente-11139.html
29	89062	/alfombra-salon-oriental-marron-bambu-comedor-sol-naciente.html
30	90953	/consola-3-cajones-y-4-puertas-oriental-azul-madera-entrada-sol-naciente.html
31	90954	/consola-6-cajones-y-2-puertas-oriental-azul-madera-entrada-sol-naciente.html
32	93267	/lampara-sobremesa-nordico-blanco-madera-decoracion-vitta.html
33	93308	/mesa-auxiliar-moderno-blanco-acero-cocina-fantasy.html
34	101318	/silla-comedor-acero-marron-21117.html
35	101981	/banqueta-baul-madera-azul-22177.html
36	103076	/consola-blanco-madera-3-cajones-y-4-puertas-22418.html
37	122331	/mesilla-de-noche-madera-2-cajones-beige-21704.html
38	122334	/mesilla-de-noche-2-cajones-madera-marron-22559.html
39	122335	/mesilla-de-noche-madera-3-cajones-marron-21707.html
40	122432	/espejo-cornucopia-plastico-blanco-20864.html
41	122532	/espejo-pie-nordico-blanco-plastico-dormitorio-fantasy.html
42	122539	/espejo-pie-nordico-blanco-madera-dormitorio-fantasy.html
43	122540	/espejo-pie-madera-beige-21761.html
44	123482	/perchero-arbol-acero-blanco-24284.html
45	123760	/estanteria-acero-negro-1-cajon-y-4-baldas-27113.html
46	123838	/espejo-luces-led-blanco-26780.html
47	123839	/espejo-flor-metal-dorado-26781.html
48	8141600	/silla-apilable-clasico-blanco-hierro-terraza-garden-7095.html
49	8146000	/gazebo-desmontable-camping-blanco-rafia-plastica-playa-garden.html
